composer,count
bach,1328
czerny,1023
satie,844
liszt,783
schubert,725
scarlatti,681
mozart,536
chopin,471
schumann,452
beethoven,450
haydn,364
bartok,307
scriabin,279
clementi,262
mendelssohn,258
grieg,256
gurlitt,254
moszkowski,244
brahms,241
rachmaninoff,237
debussy,229
tchaikovsky,223
heller,219
weber,206
prokofiev,203
alkan,201
kapustin,192
barber,181
sibelius,174
bortkiewicz,171
faure,169
hummel,167
elgar,163
dvorak,163
cramer,161
burgmuller,158
yaskawa,156
mompou,150
chaminade,150
glass,149
lyadov,148
kabalevsky,145
turina,142
handel,139
thalberg,138
albeniz,133
reger,132
medtner,132
franck,131
poulenc,131
bowen,130
field,129
busoni,127
blumenfeld,126
pejacevic,125
shostakovich,118
bertini,115
schoenberg,115
berg,111
beyer,111
cimarosa,107
bonis,107
glazunov,107
reinecke,104
farrenc,101
macdowell,99
merikanto,98
ligeti,95
lange,95
strauss,94
yoshimatsu,92
arensky,91
schytte,91
saint-saens,91
villa-lobos,90
granados,89
gottschalk,87
rubinstein,86
kosenko,83
lyapunov,81
ravel,80
dohnanyi,79
gliere,78
henselt,77
smetana,77
beach,76
goedicke,76
liebermann,73
dussek,73
messiaen,73
kuhlau,73
ravina,73
nielsen,72
schmitt,72
moscheles,72
liadov,72
novak,72
maykapar,71
godard,71
diabelli,70
gretchaninov,70
rebikov,68
gershwin,68
palmgren,67
enescu,67
o'halloran,67
skrjabin,67
milhaud,66
balakirev,66
melartin,66
kirchner,65
waldteufel,64
scharwenka,64
skryabin,63
casella,62
szymanowski,62
kohler,62
ciurlionis,62
muczynski,62
reicha,61
lemoine,61
duvernoy,61
soler,59
mereaux,56
koechlin,54
zarebski,53
vladigerov,53
khachaturian,53
silvestrov,52
paderewski,52
berens,51
kalkbrenner,51
spindler,50
loeschhorn,50
godowsky,49
raff,49
oesten,49
mayer,49
hindemith,49
martinu,49
oswald,48
sorabji,48
fibich,48
friedman,47
myaskovsky,46
kaski,46
carreno,46
cui,45
suk,43
jensen,43
stravinsky,43
vivaldi,43
lysenko,42
grunfeld,42
coleridge-taylor,42
niemann,41
feinberg,41
montgeroult,41
scriabine,41
ginastera,40
tellefsen,40
rakhmaninov,40
niska,39
gaggioli,39
tcherepnin,38
fontana,37
wagner,37
vorisek,37
leschetizky,36
hanon,36
grechaninov,35
vierne,34
couppey,34
kullak,34
janacek,34
pierne,34
rimsky-korsakov,33
ponce,33
lack,33
lichner,33
schmoll,33
moshkovsky,32
shchedrin,32
schulhoff,32
tschaikowsky,32
galuppi,32
grndahl,32
durand,31
streabbog,31
griffes,31
hofmann,31
catoire,31
gade,30
paganini,30
rachmaninow,30
pachulski,30
sinding,30
say,30
madetoja,30
alexandrov,30
schonberg,29
grondahl,29
loschhorn,29
longo,29
krenek,28
petzold,28
burgmueller,28
rozycki,28
scott,28
gedike,28
schutt,27
webern,27
samba,27
vandall,27
rheinberger,27
rameau,27
yuyama,27
ullmann,27
telemann,27
bruch,26
toch,26
bizet,26
concone,26
kostecki,26
badarzewska,25
ohalloran,25
chabrier,25
fuchs,25
cherny,25
hensel,24
holst,24
statkowski,24
koelling,24
seixas,24
marmontel,24
bruckner,23
levitzki,23
skriabin,23
gretchaninoff,23
ornstein,23
karganov,23
mason,23
glier,22
motta,22
hovhaness,22
corea,22
lynes,22
saygun,22
prisovsky,22
brull,22
respighi,21
nepomuceno,21
jongen,21
roussel,21
mignone,21
juon,20
hassler,20
dediu,20
kuula,20
javier,20
takacs,20
mussorgsky,20
steibelt,20
martucci,20
borenstein,19
behr,19
leshgorn,19
metner,19
dutilleux,19
leybach,19
wieniawski,18
rossini,18
maticic,18
levy,18
saar,18
buxtehude,18
wolff,18
bennett,18
kapralova,18
gillock,18
taneyev,18
kessler,18
jadassohn,18
michaowski,18
godoy,17
litolff,17
eisler,17
bossi,17
amani,17
reinhold,17
wolfl,17
persichetti,17
revutsky,17
hannikainen,17
quilter,17
wilm,17
saintsaens,17
gambarini,17
bohm,17
chasins,17
castelnuovo-tedesco,17
rinaldi,17
krein,16
hadjidakis,16
majkapar,16
mikuli,16
benda,16
nevin,16
herz,16
castro,16
prokofieff,16
raval,16
szymanowska,16
gorecki,16
gluck,15
akutagawa,15
bridge,15
korngold,15
ponchielli,15
chausson,15
leighton,15
korganov,15
babayan,15
bersa,15
lang,15
garscia,15
list,15
hauer,15
arnold,15
bose,15
d'indy,15
rowley,15
dobrzynski,14
haberbier,14
widor,14
stenhammar,14
guastavino,14
halffter,14
bulow,14
allen,14
cherni,14
bloch,14
cumpsty,14
loewe,14
pozzoli,14
sisask,14
rahmaninov,14
ibert,14
albanesi,14
vieira,14
purcell,13
berger,13
eberl,13
guarnieri,13
britten,13
hahn,13
greig,13
vitols,13
maikapar,13
rautavaara,13
fiocco,13
gobbaerts,13
noskowski,13
boely,13
wollenhaupt,13
dobrowen,13
durey,13
saens,13
lyatoshynsky,13
badarzewska-baranowska,12
tsintsadze,12
vanhal,12
gernsheim,12
taylor,12
massenet,12
lourie,12
miguez,12
giustini,12
tomasek,12
rahbee,12
couperin,12
tishchenko,12
berkeley,12
aguirre,12
seeling,12
tschaikowski,12
kabalewski,12
corelli,12
williams,12
volkmann,12
tansman,12
weinberg,11
zemlinsky,11
berlioz,11
lecouppey,11
nowakowski,11
tausig,11
muller,11
ziehrer,11
mendelssohn-hensel,11
glinka,11
tchaikowsky,11
kancheli,11
borodin,11
stepanova-borovskaya,11
friml,11
prokofjew,11
dohler,11
moscardi,11
d'agostino,11
falla,11
stojowski,11
prokofjev,11
kolling,11
tsvariani,10
thome,10
filtsch,10
munch,10
dun,10
piazzolla,10
richards,10
andre,10
hoddinott,10
rollin,10
backer-grndahl,10
heeren,10
gounod,10
eckhardt-gramatte,10
schuncke,10
ben-haim,10
kulau,10
pachelbel,10
alwyn,10
dersom,10
nancarrow,10
vladigueroff,10
michalowski,10
becker,10
karayev,10
hubner,10
poldini,9
boccherini,9
wave,9
dupre,9
claussmann,9
barvinsky,9
goria,9
pushkaryov,9
hiller,9
paine,9
ades,9
bull,9
shirosu,9
kabalevski,9
smith,9
bellini,9
adalid,9
lutyens,9
fromm-michaels,9
crumb,9
dusik,9
hensel-mendelssohn,9
kodaly,9
hoche,9
price,9
peterson-berger,9
hook,8
hagg,8
shitte,8
agghazy,8
ozawa,8
kozeluch,8
honegger,8
bavister,8
severac,8
czerney,8
lefebure-wely,8
tchaikovski,8
geller,8
itibere,8
tsitsaros,8
hamelin,8
edelmann,8
nishimatsu,8
hullmandel,8
bolcom,8
zelenski,8
vine,8
farwell,8
neupert,8
brotto,8
medins,8
jaell,8
martin,8
ketterer,8
dunhill,8
rzewski,8
aubert,8
sternberg,8
hartmann,8
prudent,8
tournemire,7
mehul,7
marchesi,7
casadesus,7
translateur,7
zilcher,7
copland,7
duckworth,7
weingartner,7
wittkopf,7
baranowska,7
miyoshi,7
galos,7
sgambati,7
wallace,7
tokuyama,7
nakada,7
brugmuller,7
goetz,7
krebs,7
hsiao,7
stepovy,7
moszkowsky,7
auerbach,7
jaques-dalcroze,7
heuss,7
locke,7
meraux,7
mayerl,7
dreyschock,7
santoro,7
kiel,7
ljapunov,7
haba,7
foote,7
ives,7
faulhaber,7
gael,7
taskin,7
tanaka,6
raven,6
sabaneyev,6
wild,6
villani-cortes,6
akimenko,6
sarasate,6
blackwood,6
gabrilowitsch,6
schuman,6
yedidia,6
andree,6
wolf,6
bacevicius,6
dheur,6
baumfelder,6
tan,6
sukarlan,6
bortkevich,6
kondo,6
bullard,6
d'albert,6
hossein,6
pescetti,6
bauer,6
stanchinsky,6
ogrodnik,6
fetras,6
weiner,6
beneking,6
szalit,6
part,6
blanchet,6
karganoff,6
bricht,6
barmotin,6
gutmann,6
nebra,6
torjussen,6
gurdjieff,6
shytte,6
saraceni,6
johann,6
dalcroze,6
knussen,6
vega,6
david,6
menter,6
komitas,6
murakami,6
eilenberg,6
demaglie,6
kramer,6
thompson,6
valen,6
fradel,6
sacre,6
langgaard,6
rota,6
mirecki,6
herzogenberg,6
park,6
wyman,6
hamauzu,6
cooper,6
dupont,6
weismann,5
indy,5
ghozlan,5
creston,5
huang,5
laskovsky,5
philipp,5
lacerda,5
sorokin,5
kato,5
hough,5
kopylov,5
milani,5
alsing,5
karg-elert,5
golinelli,5
absil,5
danielpour,5
colomer,5
gambe,5
qarayev,5
blazej,5
fahrbach,5
shcherbachov,5
cuozzo,5
liapunov,5
daquin,5
bartlett,5
kreisler,5
almeida,5
sohy,5
sor,5
katski,5
rieti,5
rahmaninoff,5
matthay,5
madsen,5
schnittke,5
bernstein,5
tschaikovsky,5
rhene-baton,5
kadomtsev,5
skalkottas,5
czibulka,5
berkovich,5
bendel,5
gregori,5
rave,5
makarevych,5
egghard,5
moskowski,5
mahler,5
huber,5
mereaoux,5
ang,5
battarino,5
moszkovski,5
kravchuk,5
fenaroli,5
nascimento,5
gibbons,5
masarnau,5
jungmann,5
mosolov,5
cunningham,5
titov,5
lobos,5
wyschnegradsky,5
wesley,5
pauer,5
bernardo,5
thiman,5
moldovan,5
moor,5
sapelnikov,5
quengo,5
wellesz,5
koreshchenko,5
scryabin,5
ivanov,5
tiersen,5
sverud,5
servin,5
schmitz,5
blanes,5
spohr,5
mcdowell,5
fullam,5
nollet,5
rybicki,5
terzian,5
cherubini,5
robin,5
stamaty,5
zerkovitz,4
lemuan,4
abramian,4
rolon,4
reshetar,4
leszetycki,4
pipkov,4
gulda,4
sauer,4
pessard,4
koczalski,4
shure,4
merkel,4
boulanger,4
nicode,4
lesghorn,4
monorosi,4
donizetti,4
chee,4
jadin,4
kohei,4
hayden,4
rakov,4
marcello,4
miaskovsky,4
rontgen,4
bolck,4
cage,4
krejn,4
chin,4
rihm,4
leo,4
tuan,4
cajkovskij,4
schostakowitsch,4
tjeknavorian,4
sapellnikoff,4
damcke,4
lundberg,4
ellmenreich,4
furstenthal,4
gouvy,4
belda,4
fumagalli,4
stanford,4
hoffmann,4
costa,4
sullivan,4
reber,4
goue,4
draeseke,4
kamieniak,4
meacham,4
abramyan,4
timofeev,4
esten,4
ibanez,4
mei,4
cirovic,4
stendahl,4
marquez,4
aulin,4
froberger,4
reinagle,4
bomtempo,4
peeters,4
verdi,4
panchenko,4
holbrooke,4
rachmaninof,4
licher,4
raduulescu,4
korsakov,4
gedicke,4
astrinidis,4
ferguson,4
adams,4
biehl,4
sjogren,4
shostakovitch,4
matthews,4
bargiel,4
shubert,4
nazareth,4
haendel,4
lavallee,4
godefroid,4
kunc,4
cerny,4
cilea,4
tofft,4
laurin,4
zipoli,4
mjaskowski,4
christian,4
koppel,4
backer-grondahl,4
mcleod,4
bantock,4
kunz,4
blake,4
monteverdi,4
shibata,4
hermann,4
albert,4
armengol,4
espla,4
chostakovitch,4
bayer,4
rathaus,4
herrgott,4
kjerulf,4
balakirew,4
eiges,4
caetani,4
byrd,4
schauroth,4
duru,4
candeille,4
walter,3
sculthorpe,3
isserlis,3
mandon,3
delius,3
cruz,3
keler,3
arapov,3
mihalescu,3
taubert,3
tarenghi,3
shumann,3
crossland,3
lacombe,3
krogmann,3
conte,3
keil,3
theodorakis,3
monteleone,3
pick-mangiagalli,3
lutoslawski,3
komzak,3
burgmuler,3
strong,3
zweig,3
koven,3
sviridov,3
grainger,3
winkler,3
kabelac,3
allers,3
lipski,3
kurtag,3
still,3
ganz,3
chadwick,3
nikolayev,3
paderevski,3
arenskij,3
nogueras,3
negrea,3
boellmann,3
wilms,3
kharitonov,3
larsson,3
eckard,3
raats,3
matedoja,3
dimitrashuk,3
radulescu,3
salieri,3
nowowiejski,3
espadero,3
burnand,3
yamamoto,3
mora,3
zaderatsky,3
diemer,3
illiashenko,3
tigranian,3
oguri,3
haddad,3
pozzioli,3
hellbach,3
oh,3
dietrich,3
deshevov,3
prokoviev,3
gurney,3
hannon,3
lehar,3
khvoshchinsky,3
guerra-peixe,3
moroi,3
szopowicz,3
lanner,3
vlahek,3
vardapet,3
cicoria,3
arzoumanov,3
prado,3
burkhard,3
bendix,3
schultz,3
lessel,3
paterlini,3
vallone,3
shito,3
turk,3
kussner,3
emmanuel,3
parker,3
nikolayeva,3
parlow,3
gamberini,3
bortkievitcz,3
lutosawski,3
candeille-simons,3
faisst,3
kollontay,3
neefe,3
platti,3
stuppner,3
henze,3
loeillet,3
hashikawa,3
corley,3
calvo,3
belkin,3
wiel,3
ken,3
arya,3
joel,3
inghelbrecht,3
magnard,3
stockhausen,3
panufnik,3
keller,3
grutzmacher,3
rakowski,3
wright,3
damase,3
barjansky,3
howells,3
bruell,3
walker,3
mykietyn,3
neves,3
revutskyi,3
caamano,3
vinciguerra,3
sandi,3
burkmuller,3
vanerck,3
guzman,3
bartholdy,3
hayashi,3
lecuona,3
maliszewski,3
horowitz,3
chavagnat,3
chaplin,3
burkath,3
montsalvatge,3
paz,3
ruault,3
wolpe,3
burgess,3
krzyzanowski,3
borovskaya,3
lomov,3
kolberg,3
jessel,3
wieck,3
haas,3
hamm,3
labitzky,3
mustafazadeh,3
doring,3
noland,3
bacewicz,3
shcherbachyov,3
cras,3
chiang,3
chavez,3
szymanoswski,3
eller,2
grazioli,2
corral,2
esipoff,2
chaminaude,2
vainiunas,2
wertheim,2
schmid,2
meyerbeer,2
hackh,2
blumenfield,2
kowalski,2
sartorio,2
feldschuh,2
corigliano,2
roncal,2
bronsart,2
hetu,2
makholm,2
lamothe,2
randall,2
zimay,2
goldenweiser,2
orona,2
berio,2
besly,2
amybeach,2
bares,2
o'connor-morris,2
dindy,2
norman,2
boulez,2
smoliak,2
lysenco,2
kurau,2
russell,2
kimura,2
lackwood,2
pham,2
sveinbjornsson,2
zhilyayev,2
bober,2
liapounov,2
manning,2
szymanowsky,2
matthew-walker,2
duseek,2
amirov,2
arne,2
hasse,2
peterson,2
golovanov,2
drumheller,2
kurpinski,2
bernard,2
abunski,2
kostyrka,2
ak,2
attwood,2
gregh,2
sati,2
truckenbrodt,2
melone,2
allu,2
frank,2
paradies,2
gal,2
baines,2
brown,2
hinastela,2
pfohl,2
mitchell,2
egge,2
mangiagalli,2
hurum,2
hayasaka,2
burge,2
marzocchi,2
kern,2
moyzes,2
mitsukoshi,2
kalafati,2
farkas,2
grigs,2
krentzlin,2
southam,2
klassen,2
carulli,2
gozenpud,2
drangosch,2
benjamin,2
dalbert,2
hueber,2
casagemas,2
rachmoninoff,2
bovy-lysberg,2
bercovich,2
margola,2
chatschaturjan,2
rachmanioff,2
alexander,2
sabitov,2
bacri,2
paulello,2
ustvolskaya,2
baghdasaryan,2
norton,2
gnattali,2
soupelin,2
nakpil,2
stutschewsky,2
westenholz,2
lysberg,2
dubois,2
grovlez,2
yu,2
neuhaus,2
lefrroid,2
joplin,2
kim,2
abrahamyan,2
maylath,2
kuprevich,2
starer,2
bagdasarian,2
bon,2
guinovart,2
comettant,2
kletzki,2
olsen,2
wieck-schumann,2
doppler,2
wohlfahrt,2
mokranjac,2
alns,2
albrechtsberger,2
perabo,2
willmers,2
enckhausen,2
colaco,2
bowles,2
ljadov,2
ore,2
kalabis,2
jarrega,2
broke,2
mendelsohn,2
szczerbinski,2
karabitz,2
kabalewskij,2
lewandowski,2
ganschals,2
holguin,2
muench,2
yuk,2
lauko,2
mazurette,2
edwards,2
luchesi,2
fernandez,2
finnissy,2
kadosa,2
lege,2
nobre,2
marvia,2
morel,2
nuss,2
bortkievich,2
posca,2
zimmer,2
tiniakov,2
mossolow,2
denne,2
francaix,2
grosz,2
gretschaninow,2
fucik,2
nrgard,2
manney,2
stevenson,2
leiman,2
yamada,2
jackson,2
backer,2
thomas,2
simon,2
sheiko,2
comellas,2
lieberman,2
mathis,2
bortkewicz,2
gonzales,2
moskovsky,2
adam,2
chachava,2
cardinaux,2
picker,2
gunst,2
takemitsu,2
pokorny,2
duphly,2
crawford,2
radulesscu,2
oskolkov,2
heinke,2
chai,2
albinoni,2
otaka,2
ronald,2
malmsjo,2
grodzky,2
schostakovich,2
rodrigo,2
tsuna,2
johnson,2
ye,2
richardson,2
rousseau,2
schellendorff,2
napoleao,2
bosso,2
auretti,2
dorn,2
gruber,2
gould,2
zhang,2
lambert,2
ireland,2
dowell,2
rovenstrunck,2
mozkowski,2
sirodeau,2
octaviano,2
dusek,2
gabrilovich,2
mitsumori,2
wanhal,2
jaekeun,2
angel,2
johansen,2
dennee,2
suchon,2
schlozer,2
burkmueller,2
bentzon,2
briecht,2
hartknoch,2
nemerovsky,2
havasi,2
dodgson,2
vratchanska,2
durufle,2
tengstrand,2
eschpai,2
mozskowski,2
huynh,2
voss,2
sweelinck,2
lyssenko,2
meyer-helmund,2
michelet,2
bejo,2
ovtcharov,2
albero,2
abuninhoff,2
malkus,2
capustin,2
austin,2
kabelevsky,2
bunny,2
levitin,2
bortkiewich,2
leshgorhn,2
rakievsky,2
donhanyi,2
schumi,2
lazare,2
haeser,2
savage,2
tchaikovskiy,2
scelsi,2
wenig,2
azpeitia,2
maichel,2
nietzsche,2
wiren,2
goossens,2
amitrano,2
antheil,2
korn,2
o'kelly,2
morris,2
szymansowski,2
freidlin,2
wier,2
landsman,2
atanasijevic,2
neustedt,2
smit,2
mihalovich,2
kania,2
malipiero,2
bianchini,2
loschorn,2
sulhov,2
toselli,2
carrasquer,2
schulhof,2
griboyedov,2
bass,2
various_colors,2
yokoshima,2
ljadow,2
helps,2
raimondi,2
boismortier,2
rosenblatt,2
onovwerosuoke,2
dancla,2
sarnecka,2
zarzycki,2
frescobaldi,2
prokofiew,2
bonil,2
abrahamson,2
xiao,2
shebalin,2
woelfl,2
hirayoshi,2
gianopoulos,2
scirabin,2
hoffman,2
velasquez,2
mattheson,2
elcheva,2
meyer,2
hill,2
emeliantseva,2
lyatoshinskiy,2
carcamo,2
dehartmann,2
ovenberg,2
jora,2
ferrari,2
coetzee,2
lauro,2
delahaye,2
oginski,2
noack,2
denisov,2
kolnler,1
alabyev,1
durante,1
waldmuller,1
tabares,1
abelardo,1
cunio,1
seymour,1
kissin,1
villeger,1
trovato,1
rudolphy,1
takamasa,1
parry,1
vollengaupht,1
veprik,1
lopes-graca,1
pichlbauer,1
margarjan,1
beringer,1
brun,1
boutry,1
morales,1
moeran,1
alcocer,1
filtch,1
alabieff,1
pieczonka,1
mitani,1
peilgen,1
oshea,1
surinach,1
dibble,1
shostacovich,1
kelly,1
halvorsen,1
mandelssohn,1
meyer-olbersleben,1
shutt,1
ledenjow,1
o,1
shao,1
camidge,1
salt,1
petyrek,1
mushel,1
barroso,1
liapounow,1
nawratil,1
warren,1
hyde,1
blazey,1
alnaes,1
virkato,1
zeckwer,1
pejacovic,1
capers,1
stamitz,1
lemoin,1
rivas,1
michaelis,1
despic,1
schmit,1
gruenberg,1
diabell,1
horsley,1
magin,1
haim,1
ansorge,1
pejac,1
blumenfeild,1
estevez,1
coleridgetaylor,1
swayne,1
farjeon,1
arellano,1
ferlus,1
diabeli,1
agostino,1
becucci,1
mussorgski,1
escaich,1
foster,1
carvajal,1
waner,1
schiffmacher,1
saito,1
samazeuilh,1
zadertsky,1
gilissen,1
schil,1
hertzberg,1
mizuno,1
gurllit,1
rimsky-korsakow,1
muffat,1
parke,1
icyalmondearth,1
dank,1
walton,1
zalcman,1
grandos,1
roger,1
corsen,1
joteyko,1
giulio,1
huttenbrenner,1
bortkiewitcz,1
eotvos,1
moskovskis,1
tchaikoski,1
bowden,1
lecoupe,1
coulaud,1
hisaishi,1
agosti,1
gulli,1
diez,1
franco,1
kassab,1
dubugnon,1
vargas,1
modica,1
zhu,1
sallinen,1
pouishnoff,1
mack,1
linhner,1
baeyer,1
reubke,1
bracha,1
landry,1
miaskowsky,1
akimova,1
zaq,1
goodman,1
dsho,1
lopuska,1
decaux,1
holomeev,1
hauser,1
elert,1
pabst,1
kuznetsov,1
calhoun,1
hopkins,1
tanodi,1
loam,1
jelobinsky,1
boiko,1
averey,1
kobylyansky,1
lemmon,1
tsjaikowski,1
todt,1
chen,1
dusse,1
nilsen,1
valverde,1
nicolaou,1
zielinski,1
mennechet,1
prokovjev,1
delioux,1
bliss,1
iruma,1
chernov,1
villanicortes,1
andrew,1
dalmeida,1
bekov,1
dlouhy,1
miaskowski,1
aase,1
valentine,1
garcia,1
boyle,1
marin,1
cylkow,1
ding,1
awadis,1
aragao,1
alpheraky,1
yuhscha,1
glenc,1
haller,1
kullhau,1
sriabin,1
alis,1
killmayer,1
wiggins,1
usmanbas,1
gomez,1
bilotti,1
babadjanian,1
koumis,1
roberts,1
tailleferre,1
szymaowski,1
kvandal,1
lecuna,1
specov,1
kinoshita,1
kazhgaliyev,1
carroccia,1
kontski,1
nieman,1
rovner,1
sapellnikov,1
traditional,1
popov,1
lhomme,1
chaykovsky,1
kuhlaun,1
landowska,1
moniuszko,1
lobanov,1
huss,1
dela,1
tien,1
dou,1
gurlit,1
vilinsky,1
karaev,1
geodicke,1
tsilogiannis,1
rosellen,1
alenyev,1
rozsa,1
rauvin,1
nazirova,1
soro,1
gavrilin,1
rohde,1
loeshgorn,1
rubbra,1
sakamata,1
wrangel,1
taneev,1
thuille,1
pfitzner,1
kopczynski,1
prokfiev,1
chainade,1
balk,1
schunke,1
fielitz,1
kuhlsu,1
koulaou,1
giraud,1
von_heeren,1
karlsson,1
infante,1
tubin,1
humel,1
delafosse,1
marino,1
koffler,1
nordgren,1
deering,1
szanto,1
hummell,1
kirnberger,1
setpad,1
nishizawa,1
revutzky,1
goens,1
nolck,1
spendiarian,1
tong,1
boboedov,1
berlios,1
dimitriou,1
tarasevich-nikolaev,1
loeschorn,1
duran,1
davis,1
d'ollone,1
akhunov,1
malinowski,1
dessauer,1
jones,1
moszhowski,1
zombori-kun,1
lyadoff,1
ksiazek,1
raito,1
urspruch,1
santos,1
franconi,1
demus,1
debois,1
frey,1
clementini,1
lee,1
nordal,1
badarczewska,1
dallapiccola,1
kaupstin,1
lichter,1
rella,1
leng,1
velarde,1
schizok,1
salas,1
sostakovic,1
villalobos,1
stepanian,1
bachmann,1
cabezon,1
nikolaeva,1
gerulewicz,1
prokofev,1
stolzel,1
frid,1
lindegren,1
rieding,1
tedesco,1
benoit,1
maxson,1
brzezinski,1
atterberg,1
listz,1
engelmann,1
franz,1
khvostchinsky,1
forgues,1
massimiliani,1
prokofiyev,1
rosenhain,1
kabakevsky,1
kohrau,1
kuhalu,1
rachnaminoff,1
gorres,1
shlezer,1
keyhani,1
morelowski,1
montserrat,1
sacher,1
schafer,1
-,1
sugar,1
bergmueller,1
yang,1
raved,1
vetter,1
wiercinski,1
chimaroza,1
pontier,1
crescenzo,1
racmaninoff,1
dutra,1
qmusic,1
d'alessandro,1
frolov,1
verano,1
simonetto,1
lavina,1
radu,1
kuhnau,1
morley,1
cimirro,1
fougstedt,1
karuzina,1
luebert,1
sergunin,1
rogers,1
gomes,1
teilman,1
burghmuller,1
chevillard,1
casals,1
balzani,1
illyinsky,1
halloran,1
chua,1
bicht,1
kossenko,1
kourau,1
wickenhausser,1
zucca,1
zografski,1
patzke,1
schumoll,1
peistikos,1
ropartz,1
ledenev,1
rubenstein,1
marzian,1
belzer,1
rachmanivov,1
kabalewsky,1
graaf,1
pinto,1
melikov,1
heykens,1
paradisi,1
yegneswaran,1
donostia,1
esposito,1
fornerod,1
daghlian,1
homs,1
basacopol,1
foscarina,1
lyatochinskiy,1
lindgren,1
statiusmuller,1
boyd,1
moszowski,1
glasunov,1
almada,1
borkevich,1
stepanova-borovska,1
schneider,1
cabalevsky,1
borumuyura,1
mcleroy,1
braungardt,1
zettel,1
zauski,1
bottiroli,1
rosa,1
ziyoou-vachi,1
klami,1
sicilianos,1
jael,1
pratella,1
lund,1
lorenz,1
monpou,1
dring,1
levine,1
ocon,1
teherepnin,1
seymer,1
rutini,1
ouellette,1
leonard,1
moondog,1
piana,1
firsova,1
funseth,1
schomoll,1
rachmaninff,1
bishop,1
masenet,1
schulz,1
casale,1
skabo,1
morogues,1
scheluter,1
ruiz,1
cramer-bulow,1
quliyev,1
silva,1
vecchiato,1
szymonowski,1
mendlessohn,1
doudou-ziller,1
pkov,1
todoroki,1
balducci,1
cox,1
galluzzi,1
diamond,1
portkievich,1
gordon,1
grayman,1
tiwolsky,1
zimmermann,1
sueoka,1
haberier,1
foulds,1
pacher,1
ruthven,1
kabalevsy,1
grunfel,1
reizenstein,1
klementi,1
husa,1
danhauser,1
schulz-evler,1
burleigh,1
goncharov,1
baton,1
gottchalk,1
zubov,1
widmann,1
kubota,1
kurlew,1
sherkhin,1
alhamdan,1
cupertino,1
sylvestrov,1
zabriskie,1
lindberg,1
glyer,1
ventura,1
snowcarriage,1
kassern,1
muczinsky,1
talberg,1
beneitez,1
phan,1
cherepnin,1
jarnefelt,1
golembiowski,1
torrent,1
ziring,1
muravlev,1
borovska,1
graber,1
hardegg,1
khatchaturian,1
senny,1
jockin,1
ellbach,1
ciaikovski,1
golubev,1
khatchatourian,1
alain,1
canto_frances,1
quew,1
backergrndahl,1
pedan,1
jacques-dalcroze,1
rollero,1
pleyel,1
lizst,1
getz,1
liadow,1
gelinek,1
rimski-korsakow,1
moskovski,1
gabrielse,1
lekuppe,1
moszcowski,1
ozzard-low,1
ruizdelcorral,1
korenchenko,1
peacock,1
blanck,1
roustom,1
papazafeiropoulos,1
onazez,1
bemani,1
mcintyre,1
ple,1
sakuzyo,1
cassel,1
from,1
arakelian,1
yap,1
richter,1
cunha,1
ascher,1
vollenhaupt,1
geist,1
shmitt,1
zolotarev,1
bortkevic,1
enesco,1
zektbach,1
roxburgh,1
flyarkovsky,1
skriabine,1
pakhulsky,1
lago,1
linko,1
borkiewicz,1
worischek,1
kouaru,1
revutskyj,1
pereverzev,1
shati,1
serocki,1
malignan,1
halm,1
gnesin,1
zangelmi,1
shayko,1
mcroberts,1
napravnik,1
rahmanjinov,1
balutet,1
tekishi,1
napoli,1
kihara,1
procaccini,1
jarnach,1
krufft,1
moshkovskiy,1
ravelo,1
juel-frederiksen,1
grados,1
quef,1
amane,1
garrett,1
ryabov,1
libermann,1
ducasse,1
mariani,1
krouse,1
courtney,1
pavlov,1
kawaguchi,1
seiss,1
thieriot,1
benhaim,1
garsica,1
blumenschein,1
rajmaninov,1
steinhammer,1
darcluze,1
kochetov,1
harris,1
ballen,1
lincher,1
lemouan,1
saryan,1
nodaira,1
paderewsky,1
serna,1
shirinsky,1
braga,1
umlauft,1
horn,1
alfassy,1
lefevre,1
cadman,1
abrami,1
jirak,1
bonamici,1
simonis,1
ilyinsky,1
khomenko,1
fernandes,1
sutter,1
rosenberg,1
peluso,1
gutsan,1
lamberg,1
kaun,1
netzel,1
mamiya,1
hydn,1
barreiro,1
sowerby,1
holy,1
barival,1
sokalsky,1
loeschhom,1
baermann,1
durtu,1
gayrhos,1
serra,1
hooker,1
raudam,1
kalomiris,1
malmsteen,1
ramos,1
kucken,1
czajkowski,1
elorduy,1
germer,1
reverberi,1
jurnic,1
cramer-buhler,1
aguilar,1
petzoldt,1
pipal,1
engel,1
roger-ducasse,1
debussey,1
darolle,1
colombo,1
enger,1
song,1
navarrete,1
waliszewska,1
bullow,1
bakhuashvili,1
bushmitch,1
bessonov,1
shimoda,1
raver,1
gibran,1
chernin,1
cheminade,1
skarlatti,1
stcherbatchev,1
amengual,1
coleridge,1
diener,1
dale,1
vella,1
mulsant,1
macedo,1
scnmitt,1
stepanyan,1
turin,1
moszchkowski,1
aleksander,1
villanueva,1
heins,1
labolida,1
amalulu,1
kuhlao,1
vladigeroff,1
lazarus,1
seletkovic,1
heino,1
woytowicz,1
tiessen,1
esen,1
mannino,1
lebeau,1
grobe,1
magnusson,1
yakymenko,1
fonlupt,1
siklos,1
lur'ye,1
hachaturian,1
gamulin,1
bruckmuller,1
cochran,1
mirzoyan,1
dohanyi,1
kryzhanivskyi,1
sitt,1
miramontes,1
desplat,1
stephan,1
lamontaine,1
forster,1
mok,1
fiala,1
sher,1
walden,1
spitznagel,1
wiklund,1
leman,1
villeblanche,1
lund-skabo,1
demetz,1
kats-chernin,1
consales,1
kabalevesky,1
schuamann,1
lechner,1
schellendorf,1
weissenberg,1
ohana,1
lo,1
rodriguezgodoy,1
peskanov,1
stepovyi,1
moore,1
shusetsu,1
hahnemann,1
gerhard,1
lak,1
tippett,1
van_gael,1
xhqrry,1
kallestein,1
kleven,1
malcus,1
d,1
grill,1
jnize,1
chaulieu,1
skoryk,1
huillet,1
vanhoorick,1
seliwanov,1
brisson,1
krieger,1
abril,1
lumbye,1
shostakovitsch,1
kurylewicz,1
erkin,1
marx,1
migot,1
schober,1
capri,1
payette,1
mejia,1
battmann,1
ramirez,1
mendes,1
burgmiller,1
mel_bonis,1
aloiz,1
melbonis,1
irminsul,1
tomaszek,1
garayev,1
kistler,1
corrette,1
maglie,1
dechevow,1
bochsa,1
duparc,1
czajko,1
mozar,1
czemy,1
vibert,1
caplet,1
norgard,1
neruda,1
guilmant,1
wickenhauser,1
mayseder,1
bakulina,1
auernhammer,1
santesteban,1
mereaux-athilat,1
kuliiev,1
ries,1
zarate,1
foure,1
burgnuller,1
butgmuller,1
wan,1
zakharov,1
leon,1
oldham,1
jolivet,1
suh,1
karabits,1
pedrell,1
lyakhov,1
pischna,1
riegger,1
delaborde,1
swinstead,1
ponzetta,1
stenhammer,1
fetis,1
emerson,1
mathias,1
cervantes,1
birgmuller,1
suppe,1
lincetto,1
shaminade,1
blicht,1
claeuw,1
bergh,1
fuleihan,1
tcherepin,1
blanco,1
fodor,1
bhumibol,1
nate,1
polovinkin,1
castillon,1
girock,1
marcus,1
riet,1
sieber,1
n,1
prokofief,1
zaremba,1
delmas,1
arenski,1
moussorgski,1
schumann-wieck,1
prisowski,1
strokin,1
alwens,1
kavalevsky,1
sabaneev,1
lydov,1
calligaris,1
scrjabin,1
toru,1
vasquez,1
pheh,1
grig,1
hadyn,1
howard,1
men,1
mendellssohn,1
morillo,1
mcvey,1
gardner,1
mendelssohn-bartholdy,1
jart,1
lopez-benitez,1
joachin,1
frideman,1
rorem,1
lisauskas,1
croft,1
bulhakov,1
goedike,1
jocheles,1
schultz-evler,1
schleiermacher,1
okros,1
barvinskii,1
strauss-grunfeld,1
zerny,1
pozoli,1
rheiner,1
seeger,1
ho,1
artsybushev,1
silvestri,1
itazu,1
borodine,1
blasco,1
brotons,1
tveitt,1
giarrusso,1
merea,1
rait,1
elmas,1
vuillemin,1
roslavets,1
barclaisky,1
jose,1
elmenreich,1
kaiserin,1
lyatoshinsky,1
moszkovsky,1
jordanski,1
eyer,1
claude,1
catalani,1
bernheimer,1
toker,1
klemperer,1
byard,1
san_roman,1
hollaender,1
kapusin,1
mota,1
artinov,1
aalampour,1
chesnokov,1
macaya,1
konstantinidis,1
farrington,1
mellartin,1
yan,1
budiardjo,1
tariverdiev,1
alberti,1
hoiby,1
clemente,1
hayter,1
spendiarov,1
schat,1
d'avalos,1
alcock,1
constantinescu,1
shuman,1
einaudi,1
kobayashi,1
lavignac,1
marcaillhou,1
revuzky,1
frimi,1
schjelderup,1
taki,1
dahlquist,1
cyrbes,1
prussia,1
vrangel,1
lombardi,1
waltztofel,1
vidrascu,1
pixis,1
moshkovskyi,1
jaeger,1
nielson,1
kangro,1
dyvernois,1
ippolitov-ivanov,1
karabyts,1
trester,1
krupinski,1
shulov,1
pizzetti,1
odaka,1
fried,1
mckay,1
dada,1
moscheless,1
saminsky,1
moshkovskij,1
wurm,1
oki-albi,1
richard,1
hoffstetter,1
hwang,1
tarasevich,1
gururitto,1
frommel,1
kalivoda,1
protopopov,1
onslow,1
yuferov,1
lachner,1
leclair,1
burguller,1
ladmirault,1
bayne,1
resch,1
bathon,1
porpora,1
vorraber,1
clara_schumann,1
lonque,1
moszukowski,1
nicles,1
mlynarski,1
spinder,1
spendiaryan,1
labunski,1
grigoriou,1
polegatto,1
palmer,1
grolee,1
kapoestin,1
fuester,1
liadoff,1
bugmuller,1
schluter,1
mathieu,1
klein,1
abt,1
shan-de,1
modaro,1
loup,1
kaneko,1
moart,1
haler,1
gilder,1
souza,1
sylvestre,1
luo,1
aleksandrov,1
cowell,1
cikker,1
tavares,1
barbosa,1
goediche,1
young,1
smedra,1
badajewska,1
myaskowski,1
scontrino,1
puccini,1
grecianinov,1
lidbermann,1
bungert,1
popp,1
terschack,1
glodeanu,1
kabalevskij,1
haslinger,1
caba,1
ernst,1
triumvirate,1
peters,1
elsner,1
nyxta,1
finesleap,1
turner,1
kritchner,1
dube,1
gutche,1
alvanis,1
bortkievicz,1
vazquez,1
plante,1
antipov,1
nehring,1
vianna,1
lachenmann,1
yisay,1
barontini,1
touchard,1
bergmuller,1
ysasi,1
lajtha,1
romberg,1
slavenski,1
prokoffieff,1
meltzer,1
skrijabin,1
schroeter,1
mizuoka,1
soren,1
rachamaninoff,1
brennan,1
leiviska,1
mccabe,1
zhelobinsky,1
stepanov,1
loeshhorn,1
wahl,1
shopin,1
blet,1
schloezer,1
czerni,1
ran-ge,1
godar,1
ladoukhin,1
blahetka,1
tsuchida,1
manaka,1
benedict,1
hinton,1
gartner,1
bristow,1
inan,1
kulahlu,1
leear,1
matsudaira,1
iljinsky,1
chaikovsky,1
rode,1
kuchler,1
gozdziewski,1
zubay,1
barkhudarian,1
kapoustine,1
redel,1
tivolsky,1
jiang,1
maasalo,1
gustavino,1
modzkowski,1
nyman,1
saeverud,1
schalit,1
brouwer,1
succar,1
margis,1
venables,1
ge,1
